drain TotalCurrent(IdVd_0_0.3_n18_des) X,drain TotalCurrent(IdVd_0_0.3_n18_des) Y,drain TotalCurrent(IdVd_0_0.6_n20_des) X,drain TotalCurrent(IdVd_0_0.6_n20_des) Y,drain TotalCurrent(IdVd_0_0.9_n30_des) X,drain TotalCurrent(IdVd_0_0.9_n30_des) Y,drain TotalCurrent(IdVd_0_1.5_n40_des) X,drain TotalCurrent(IdVd_0_1.5_n40_des) Y,drain TotalCurrent(IdVd_1.85e10_0.3_n55_des) X,drain TotalCurrent(IdVd_1.85e10_0.3_n55_des) Y,drain TotalCurrent(IdVd_1.85e10_0.6_n59_des) X,drain TotalCurrent(IdVd_1.85e10_0.6_n59_des) Y,drain TotalCurrent(IdVd_1.85e10_0.9_n63_des) X,drain TotalCurrent(IdVd_1.85e10_0.9_n63_des) Y,drain TotalCurrent(IdVd_1.85e10_1.5_n67_des) X,drain TotalCurrent(IdVd_1.85e10_1.5_n67_des) Y
0.03,1.8654418e-07,0.03,5.6946001e-06,0.03,2.0829297e-05,0.03,4.4920193e-05,0.03,1.664429e-07,0.03,5.4792886e-06,0.03,2.05911e-05,0.03,4.4758129e-05
0.06,3.1233642e-07,0.06,9.4201311e-06,0.06,3.7646755e-05,0.06,8.5191232e-05,0.06,2.7776083e-07,0.06,9.0457929e-06,0.06,3.7186253e-05,0.06,8.4870026e-05
0.09,4.7056891e-07,0.09,1.2183775e-05,0.09,5.1039067e-05,0.09,0.00012097591,0.09,4.1718497e-07,0.09,1.1691522e-05,0.09,5.0371729e-05,0.09,0.00012049258
0.12,7.0127862e-07,0.12,1.4666864e-05,0.12,6.1731394e-05,0.12,0.00015258889,0.12,6.205471e-07,0.12,1.4076773e-05,0.12,6.0875717e-05,0.12,0.00015193864
0.15,1.0352113e-06,0.15,1.7183011e-05,0.15,7.0473897e-05,0.15,0.00018040916,0.15,9.1562912e-07,0.15,1.649799e-05,0.15,6.9449547e-05,0.15,0.00017958613
0.18,1.5082065e-06,0.18,1.9853532e-05,0.18,7.794977e-05,0.18,0.00020485311,0.18,1.3354314e-06,0.18,1.9067045e-05,0.18,7.6773056e-05,0.18,0.0002038505
0.21,2.162175e-06,0.21,2.2739984e-05,0.21,8.4699795e-05,0.21,0.00022635539,0.21,1.9195339e-06,0.21,2.1841015e-05,0.21,8.3380021e-05,0.21,0.00022516604
0.24,3.0420263e-06,0.24,2.5888507e-05,0.24,9.1102672e-05,0.24,0.00024535404,0.24,2.7116762e-06,0.24,2.4864408e-05,0.24,8.9641921e-05,0.24,0.00024397161
0.27,4.191528e-06,0.27,2.9339679e-05,0.27,9.7403723e-05,0.27,0.00026227671,0.27,3.7561251e-06,0.27,2.8178326e-05,0.27,9.5799494e-05,0.27,0.00026069713
0.3,5.6489324e-06,0.3,3.3125263e-05,0.3,0.00010375602,0.3,0.00027752705,0.3,5.0933992e-06,0.3,3.1816843e-05,0.3,0.00010200456,0.3,0.00027574974
0.33,7.4434685e-06,0.33,3.7265177e-05,0.33,0.00011025235,0.33,0.00029147216,0.33,6.7563719e-06,0.33,3.5803421e-05,0.33,0.00010835121,0.33,0.00028950066
0.36,9.5934415e-06,0.36,4.1767938e-05,0.36,0.00011694631,0.36,0.00030443251,0.36,8.7676477e-06,0.36,4.0150564e-05,0.36,0.00011489567,0.36,0.00030227421
0.39,1.2106233e-05,0.39,4.6631781e-05,0.39,0.00012386623,0.39,0.0003166754,0.39,1.1138773e-05,0.39,4.4860162e-05,0.39,0.00012166902,0.39,0.00031434064
0.42,1.4979886e-05,0.42,5.1846148e-05,0.42,0.00013102378,0.42,0.00032841328,0.42,1.3871194e-05,0.42,4.9924494e-05,0.42,0.00012868521,0.42,0.00032591403
0.45,1.8205384e-05,0.45,5.7393232e-05,0.45,0.00013841889,0.45,0.00033980698,0.45,1.6958238e-05,0.45,5.5327565e-05,0.45,0.0001359455,0.45,0.00033715557
0.48,2.176908e-05,0.48,6.3250608e-05,0.48,0.00014604268,0.48,0.00035097326,0.48,2.0387581e-05,0.48,6.1047796e-05,0.48,0.0001434415,0.48,0.00034818143
0.51,2.5654665e-05,0.51,6.9394219e-05,0.51,0.00015388049,0.51,0.00036199481,0.51,2.4143422e-05,0.51,6.706121e-05,0.51,0.00015115839,0.51,0.0003590732
0.54,2.9844789e-05,0.54,7.5800299e-05,0.54,0.00016191481,0.54,0.00037292983,0.54,2.8208337e-05,0.54,7.3343624e-05,0.54,0.00015907804,0.54,0.00036988764
0.57,3.4322114e-05,0.57,8.2446707e-05,0.57,0.00017012728,0.57,0.00038381856,0.57,3.2564586e-05,0.57,7.987225e-05,0.57,0.00016718134,0.57,0.00038066354
0.6,3.9069918e-05,0.6,8.9313465e-05,0.6,0.00017849989,0.6,0.00039468776,0.6,3.7194955e-05,0.6,8.6626394e-05,0.6,0.00017544951,0.6,0.00039142629
0.63,4.4072365e-05,0.63,9.6382881e-05,0.63,0.00018701564,0.63,0.00040555415,0.63,4.2083133e-05,0.63,9.3587686e-05,0.63,0.00018386483,0.63,0.00040219146
0.66,4.9314514e-05,0.66,0.00010363908,0.66,0.00019565892,0.66,0.00041642713,0.66,4.7213782e-05,0.66,0.00010073972,0.66,0.00019241117,0.66,0.00041296752
0.69,5.4782119e-05,0.69,0.00011106907,0.69,0.0002044156,0.69,0.00042731105,0.69,5.2572369e-05,0.69,0.00010806901,0.69,0.00020107399,0.69,0.00042375817
0.72,6.0461554e-05,0.72,0.00011866001,0.72,0.00021327378,0.72,0.00043820641,0.72,5.8145035e-05,0.72,0.00011556232,0.72,0.00020984109,0.72,0.00043456337
0.75,6.6339645e-05,0.75,0.0001264,0.75,0.00022222374,0.75,0.0004491111,0.75,6.3918457e-05,0.75,0.00012320744,0.75,0.00021870251,0.75,0.00044538064
0.78,7.240371e-05,0.78,0.00013427789,0.78,0.00023125789,0.78,0.00046002161,0.78,6.9879796e-05,0.78,0.00013099294,0.78,0.00022765045,0.78,0.00045620612
0.81,7.8641621e-05,0.81,0.00014228258,0.81,0.00024037022,0.81,0.0004709335,0.81,7.6016864e-05,0.81,0.00013890751,0.81,0.0002366787,0.81,0.00046703511
0.84,8.5041651e-05,0.84,0.00015040308,0.84,0.00024955527,0.84,0.0004818416,0.84,8.2317806e-05,0.84,0.00014693994,0.84,0.00024578162,0.84,0.00047786226
0.87,9.1592359e-05,0.87,0.00015862889,0.87,0.00025880764,0.87,0.00049274065,0.87,8.8771169e-05,0.87,0.00015507963,0.87,0.00025495367,0.87,0.00048868215
0.9,9.8282781e-05,0.9,0.00016694921,0.9,0.00026812096,0.9,0.0005036257,0.9,9.536592e-05,0.9,0.00016331562,0.9,0.00026418832,0.9,0.00049948971
0.93,0.00010510218,0.93,0.0001753538,0.93,0.00027748773,0.93,0.00051449255,0.93,0.00010209135,0.93,0.00017163759,0.93,0.00027347804,0.93,0.00051028071
0.96,0.00011204016,0.96,0.00018383262,0.96,0.00028689878,0.96,0.00052533812,0.96,0.00010893711,0.96,0.00018003556,0.96,0.00028281368,0.96,0.00052105207
0.99,0.00011908672,0.99,0.00019237514,0.99,0.00029635033,0.99,0.00053616051,0.99,0.0001158933,0.99,0.00018849907,0.99,0.00029219143,0.99,0.00053180196
1.02,0.00012623229,1.02,0.00020097335,1.02,0.00030583413,1.02,0.00054695869,1.02,0.00012295052,1.02,0.00019702021,1.02,0.00030160316,1.02,0.00054252949
1.05,0.00013346759,1.05,0.00020961847,1.05,0.00031534261,1.05,0.0005577321,1.05,0.00013009958,1.05,0.00020559036,1.05,0.00031104151,1.05,0.00055323428
1.08,0.0001407841,1.08,0.00021830256,1.08,0.00032486818,1.08,0.00056848011,1.08,0.00013733231,1.08,0.00021420177,1.08,0.00032049901,1.08,0.00056391586
1.11,0.00014817384,1.11,0.00022701626,1.11,0.00033440335,1.11,0.00057920161,1.11,0.00014464094,1.11,0.00022284492,1.11,0.00032996843,1.11,0.00057457336
1.14,0.00015562957,1.14,0.00023575356,1.14,0.00034394011,1.14,0.00058989335,1.14,0.00015201836,1.14,0.00023151464,1.14,0.0003394419,1.14,0.00058520379
1.17,0.0001631447,1.17,0.00024450859,1.17,0.00035347219,1.17,0.00060055398,1.17,0.00015945818,1.17,0.00024020486,1.17,0.00034891334,1.17,0.00059580568
1.2,0.00017071338,1.2,0.00025327574,1.2,0.0003629936,1.2,0.00061117815,1.2,0.00016695463,1.2,0.00024891005,1.2,0.00035837685,1.2,0.00060637418
1.23,0.00017833048,1.23,0.00026205024,1.23,0.00037249779,1.23,0.00062176412,1.23,0.00017450261,1.23,0.00025762545,1.23,0.00036782573,1.23,0.00061690693
1.26,0.00018599146,1.26,0.00027082804,1.26,0.00038198064,1.26,0.00063230773,1.26,0.00018209749,1.26,0.00026634688,1.26,0.00037725602,1.26,0.00062740005
1.29,0.00019369225,1.29,0.00027960594,1.29,0.0003914394,1.29,0.00064280379,1.29,0.00018973498,1.29,0.00027507109,1.29,0.00038666472,1.29,0.00063784802
1.32,0.00020142952,1.32,0.00028838165,1.32,0.0004008714,1.32,0.00065324964,1.32,0.00019741164,1.32,0.00028379551,1.32,0.00039604871,1.32,0.00064824801
1.35,0.00020920007,1.35,0.0002971535,1.35,0.00041027548,1.35,0.00066364141,1.35,0.00020512395,1.35,0.0002925182,1.35,0.00040540703,1.35,0.00065859582
1.38,0.00021700108,1.38,0.00030591933,1.38,0.00041964824,1.38,0.00067397564,1.38,0.00021286884,1.38,0.0003012364,1.38,0.00041473523,1.38,0.00066888774
1.41,0.00022482982,1.41,0.00031467898,1.41,0.00042899084,1.41,0.00068424961,1.41,0.00022064311,1.41,0.00030995037,1.41,0.00042403509,1.41,0.00067912076
1.44,0.00023268282,1.44,0.00032343207,1.44,0.00043830507,1.44,0.00069446142,1.44,0.00022844329,1.44,0.00031865903,1.44,0.00043330783,1.44,0.00068929267
1.47,0.00024055786,1.47,0.00033217518,1.47,0.00044759069,1.47,0.00070461069,1.47,0.00023626683,1.47,0.00032735841,1.47,0.00044255269,1.47,0.00069940291
1.5,0.00024845191,1.5,0.00034090954,1.5,0.00045684785,1.5,0.00071469809,1.5,0.00024411043,1.5,0.00033605026,1.5,0.00045176994,1.5,0.00070945199
1.53,0.00025636202,1.53,0.00034963421,1.53,0.00046607741,1.53,0.0007247216,1.53,0.0002519709,1.53,0.000344733,1.53,0.00046096017,1.53,0.00071943743
1.56,0.00026428507,1.56,0.00035834768,1.56,0.00047527955,1.56,0.0007346811,1.56,0.00025984492,1.56,0.00035340497,1.56,0.00047012327,1.56,0.0007293592
1.59,0.00027221784,1.59,0.00036704852,1.59,0.00048445395,1.59,0.0007445835,1.59,0.00026772906,1.59,0.00036206434,1.59,0.00047925871,1.59,0.0007392239
1.62,0.0002801572,1.62,0.00037573467,1.62,0.00049360011,1.62,0.00075443154,1.62,0.00027561993,1.62,0.00037070908,1.62,0.0004883658,1.62,0.00074903398
1.65,0.0002880999,1.65,0.00038440459,1.65,0.00050271696,1.65,0.00076422708,1.65,0.00028351383,1.65,0.0003793373,1.65,0.00049744325,1.65,0.00075879117
1.68,0.00029604271,1.68,0.00039305632,1.68,0.0005118029,1.68,0.0007739683,1.68,0.00029140783,1.68,0.00038794683,1.68,0.00050648879,1.68,0.00076849328
1.71,0.00030398319,1.71,0.00040168778,1.71,0.00052085697,1.71,0.00078365688,1.71,0.000299299,1.71,0.00039653543,1.71,0.00051550219,1.71,0.00077814197
1.74,0.00031191855,1.74,0.0004102968,1.74,0.00052987842,1.74,0.00079329422,1.74,0.00030718446,1.74,0.0004051008,1.74,0.00052448206,1.74,0.00078773865
1.77,0.0003198464,1.77,0.00041888121,1.77,0.00053886571,1.77,0.00080288163,1.77,0.00031506171,1.77,0.00041364068,1.77,0.00053342686,1.77,0.00079728443
1.8,0.00032776457,1.8,0.00042743884,1.8,0.00054781746,1.8,0.0008124185,1.8,0.00032292857,1.8,0.00042215289,1.8,0.0005423353,1.8,0.00080677872
1.83,0.00033567109,1.83,0.00043596759,1.83,0.00055672754,1.83,0.00082190408,1.83,0.00033078314,1.83,0.00043063542,1.83,0.00055120022,1.83,0.00081622093
1.86,0.00034356436,1.86,0.00044446548,1.86,0.00056559771,1.86,0.00083133356,1.86,0.00033862395,1.86,0.0004390864,1.86,0.00056002539,1.86,0.00082560572
1.89,0.00035144311,1.89,0.0004529311,1.89,0.00057442662,1.89,0.00084070633,1.89,0.00034644989,1.89,0.00044750463,1.89,0.00056880855,1.89,0.00083493387
1.92,0.00035930651,1.92,0.00046136332,1.92,0.00058321273,1.92,0.00085002452,1.92,0.00035426046,1.92,0.00045588922,1.92,0.00057754881,1.92,0.00084420719
1.95,0.0003671538,1.95,0.00046976155,1.95,0.00059195525,1.95,0.00085928674,1.95,0.00036205474,1.95,0.00046423988,1.95,0.00058624549,1.95,0.00085342459
1.98,0.00037498438,1.98,0.00047812585,1.98,0.00060065352,1.98,0.000868492,1.98,0.00036983253,1.98,0.00047255659,1.98,0.00059489824,1.98,0.00086258539
2.01,0.00038279773,2.01,0.0004864532,2.01,0.0006093072,2.01,0.00087763968,2.01,0.00037759446,2.01,0.00048083673,2.01,0.00060350696,2.01,0.00087168923
2.04,0.00039059516,2.04,0.00049474711,2.04,0.000617917,2.04,0.00088672928,2.04,0.00038534072,2.04,0.000489085,2.04,0.00061207286,2.04,0.00088073598
2.07,0.0003983753,2.07,0.00050300913,2.07,0.0006264834,2.07,0.00089576127,2.07,0.00039307148,2.07,0.00049730259,2.07,0.00062059522,2.07,0.00088972635
2.1,0.00040613921,2.1,0.00051123976,2.1,0.00063500622,2.1,0.00090473634,2.1,0.00040078771,2.1,0.00050548909,2.1,0.0006290767,2.1,0.00089866118
2.13,0.00041388687,2.13,0.0005194387,2.13,0.0006434889,2.13,0.00091365551,2.13,0.00040848935,2.13,0.00051364656,2.13,0.00063751947,2.13,0.00090754171
2.16,0.00042161785,2.16,0.00052760787,2.16,0.00065193247,2.16,0.00092252004,2.16,0.00041617614,2.16,0.00052177586,2.16,0.0006459248,2.16,0.00091636932
2.19,0.00042933158,2.19,0.00053574782,2.19,0.00066033794,2.19,0.00093133126,2.19,0.00042384759,2.19,0.00052987779,2.19,0.00065429379,2.19,0.00092514542
2.22,0.00043702733,2.22,0.00054385875,2.22,0.00066870612,2.22,0.00094008969,2.22,0.00043150298,2.22,0.00053795252,2.22,0.00066262729,2.22,0.00093387036
2.25,0.00044470414,2.25,0.00055194056,2.25,0.00067703752,2.25,0.00094879707,2.25,0.00043914134,2.25,0.00054599993,2.25,0.00067092579,2.25,0.00094254614
2.28,0.00045236118,2.28,0.00055999292,2.28,0.0006853324,2.28,0.00095745486,2.28,0.00044676177,2.28,0.00055401961,2.28,0.00067918946,2.28,0.00095117396
2.31,0.00045999738,2.31,0.00056801532,2.31,0.00069359074,2.31,0.00096606388,2.31,0.00045436303,2.31,0.00056201089,2.31,0.0006874181,2.31,0.00095975445
2.34,0.00046761177,2.34,0.00057600708,2.34,0.00070181215,2.34,0.00097462484,2.34,0.00046194394,2.34,0.0005699729,2.34,0.00069561113,2.34,0.0009682881
2.37,0.00047520345,2.37,0.00058396743,2.37,0.00070999639,2.37,0.00098313821,2.37,0.00046950334,2.37,0.0005779046,2.37,0.00070376803,2.37,0.00097677511
2.4,0.00048277154,2.4,0.00059189544,2.4,0.00071814298,2.4,0.0009916044,2.4,0.00047704003,2.4,0.00058580475,2.4,0.00071188798,2.4,0.00098521534
2.43,0.0004903152,2.43,0.0005997905,2.43,0.00072625144,2.43,0.001000023,2.43,0.00048455282,2.43,0.00059367233,2.43,0.00071997014,2.43,0.00099360841
2.46,0.00049783391,2.46,0.00060765205,2.46,0.00073432144,2.46,0.0010083954,2.46,0.00049204077,2.46,0.00060150637,2.46,0.00072801376,2.46,0.0010019551
2.49,0.00050532741,2.49,0.00061547975,2.49,0.00074235288,2.49,0.0010167165,2.49,0.00049950316,2.49,0.00060930607,2.49,0.00073601831,2.49,0.0010102484
2.52,0.00051279573,2.52,0.00062327308,2.52,0.00075034469,2.52,0.0010249898,2.52,0.00050693936,2.52,0.00061707012,2.52,0.00074398054,2.52,0.0010184939
2.55,0.00052023872,2.55,0.00063103249,2.55,0.00075829382,2.55,0.0010332182,2.55,0.00051434761,2.55,0.00062479908,2.55,0.0007519002,2.55,0.0010266927
2.58,0.00052765604,2.58,0.00063875929,2.58,0.00076620601,2.58,0.0010414021,2.58,0.00052172981,2.58,0.00063249342,2.58,0.00075978072,2.58,0.0010348448
2.61,0.00053505021,2.61,0.00064645449,2.61,0.00077408206,2.61,0.0010495426,2.61,0.00052908653,2.61,0.00064015369,2.61,0.00076762251,2.61,0.0010429507
2.64,0.00054242245,2.64,0.00065411958,2.64,0.00078192325,2.64,0.0010576408,2.64,0.00053641849,2.64,0.0006477809,2.64,0.00077542638,2.64,0.0010510109
2.67,0.00054977401,2.67,0.00066175615,2.67,0.00078973113,2.67,0.0010656965,2.67,0.00054372654,2.67,0.00065537621,2.67,0.00078319345,2.67,0.001059025
2.7,0.00055710616,2.7,0.00066936573,2.7,0.0007975071,2.7,0.0010737116,2.7,0.00055101155,2.7,0.00066294081,2.7,0.00079092482,2.7,0.0010669949
2.73,0.00056442,2.73,0.00067694979,2.73,0.00080525268,2.73,0.0010816883,2.73,0.0005582743,2.73,0.00067047581,2.73,0.00079862162,2.73,0.001074922
2.76,0.00057171645,2.76,0.00068450957,2.76,0.00081296918,2.76,0.001089627,2.76,0.0005655154,2.76,0.00067798219,2.76,0.00080628493,2.76,0.0010828066
2.79,0.00057899609,2.79,0.00069204609,2.79,0.00082065763,2.79,0.0010975295,2.79,0.00057273521,2.79,0.00068546073,2.79,0.0008139155,2.79,0.0010906503
2.82,0.00058625942,2.82,0.00069956015,2.82,0.00082831874,2.82,0.0011053968,2.82,0.00057993401,2.82,0.00069291203,2.82,0.00082151386,2.82,0.0010984538
2.85,0.00059350677,2.85,0.00070705236,2.85,0.00083595323,2.85,0.0011132297,2.85,0.00058711109,2.85,0.00070033475,2.85,0.0008290805,2.85,0.0011062176
2.88,0.00060073677,2.88,0.00071451909,2.88,0.00084356152,2.88,0.0011210288,2.88,0.00059426587,2.88,0.00070772856,2.88,0.00083661564,2.88,0.0011139423
2.91,0.00060795021,2.91,0.00072196453,2.91,0.00085114388,2.91,0.0011287949,2.91,0.00060139925,2.91,0.00071509545,2.91,0.00084411926,2.91,0.0011216281
2.94,0.00061514757,2.94,0.00072938851,2.94,0.00085870057,2.94,0.0011365287,2.94,0.0006085108,2.94,0.00072243502,2.94,0.00085159133,2.94,0.0011292756
2.97,0.00062232877,2.97,0.00073679114,2.97,0.00086623186,2.97,0.001144231,2.97,0.00061560011,2.97,0.00072974706,2.97,0.00085903174,2.97,0.0011368852
3,0.00062949383,3,0.0007441725,3,0.00087373807,3,0.0011519026,3,0.00062266683,3,0.00073703127,3,0.00086644043,3,0.0011444572

