drain TotalCurrent(BV_0n45_des) X,drain TotalCurrent(BV_0n45_des) Y,drain TotalCurrent(BV_4.28e10n52_des) X,drain TotalCurrent(BV_4.28e10n52_des) Y
1e-05,3.3124593e-11,1e-05,2.3439287e-11
2.5e-05,8.2808907e-11,2.5e-05,5.8593289e-11
4.75e-05,1.5737879e-10,4.75e-05,1.1134745e-10
8.125e-05,2.6946159e-10,8.125e-05,1.9060931e-10
0.000131875,4.385473e-10,0.000131875,3.1006452e-10
0.0002078125,6.9589158e-10,0.0002078125,4.9144293e-10
0.00032171875,1.0957504e-09,0.00032171875,7.7171551e-10
0.00049257812,1.747067e-09,0.00049257812,1.2225549e-09
0.00074886719,2.9251417e-09,0.00074886719,2.0157868e-09
0.0011333008,5.5996844e-09,0.0011333008,3.7119067e-09
0.0017099512,1.5270996e-08,0.0017099512,9.2532755e-09
0.0019261951,2.1833587e-08,0.0019261951,1.3511192e-08
0.0020072865,2.4138816e-08,0.002088378,1.7752359e-08
0.0021289237,2.6976117e-08,0.0022100152,2.0972626e-08
0.0022201516,2.8710612e-08,0.0023012431,2.3050766e-08
0.0023569935,3.1013262e-08,0.002369664,2.4377887e-08
0.0025622562,3.4248732e-08,0.0024722954,2.6086478e-08
0.0027162033,3.6651226e-08,0.0026262424,2.8291857e-08
0.0029471239,4.0284701e-08,0.0028571631,3.1334933e-08
0.0031203143,4.3034542e-08,0.0030303535,3.3586533e-08
0.0033801,4.7197512e-08,0.0031602464,3.5285811e-08
0.0035749393,5.0347828e-08,0.0033550856,3.7853689e-08
0.0038671982,5.5115585e-08,0.0035012151,3.9794084e-08
0.0040863924,5.8722362e-08,0.0037204092,4.2727058e-08
0.0044151836,6.4178795e-08,0.0038848049,4.4943517e-08
0.004661777,6.8304833e-08,0.0041313983,4.8293804e-08
0.0050316672,7.4543904e-08,0.0043163434,5.0825494e-08
0.0053090848,7.9259436e-08,0.004593761,5.4652084e-08
0.0057252113,8.6386018e-08,0.0048018242,5.7543217e-08
0.0060373061,9.1769269e-08,0.005113919,6.1912423e-08
0.0065054483,9.9899909e-08,0.0053479902,6.5213118e-08
0.006856555,1.060376e-07,0.0056990968,7.0199844e-08
0.007383215,1.1530116e-07,0.0059624268,7.3966021e-08
0.00777821,1.2228892e-07,0.0063574218,7.9654134e-08
0.0083707025,1.328271e-07,0.0066536681,8.3948462e-08
0.0088150719,1.4076976e-07,0.0070980375,9.0431541e-08
0.009481626,1.5273742e-07,0.0074313145,9.5323806e-08
0.0099815416,1.617492e-07,0.0079312301,1.0270579e-07
0.010731415,1.7531453e-07,0.0083061668,1.082733e-07
0.011856225,1.9574474e-07,0.0088685718,1.1666901e-07
0.012699832,2.1111273e-07,0.0092903755,1.2299693e-07
0.013332538,2.226556e-07,0.0099230811,1.3253252e-07
0.014281596,2.3998564e-07,0.01087214,1.4691805e-07
0.015705184,2.6599078e-07,0.011583933,1.5775921e-07
0.016772875,2.8548331e-07,0.012651624,1.7408385e-07
0.018374411,3.1467878e-07,0.01425316,1.9866621e-07
0.019575563,3.3652337e-07,0.015454312,2.1714303e-07
0.020476427,3.5287797e-07,0.016355176,2.3100891e-07
0.021827723,3.7734937e-07,0.017706473,2.5180409e-07
0.022841195,3.9565592e-07,0.018719945,2.6738766e-07
0.024361404,4.2304106e-07,0.020240153,2.9073083e-07
0.02550156,4.4352463e-07,0.021380309,3.0820213e-07
0.027211794,4.7416784e-07,0.022235426,3.2128986e-07
0.028494469,4.9709573e-07,0.023518102,3.4088397e-07
0.029456476,5.1427076e-07,0.024480108,3.5555287e-07
0.030899486,5.4000535e-07,0.025923118,3.7751652e-07
0.031981744,5.5929499e-07,0.027005376,3.9396269e-07
0.03360513,5.8823259e-07,0.028628762,4.1859516e-07
0.03482267,6.0995391e-07,0.029846302,4.3704995e-07
0.036648979,6.4259852e-07,0.030759457,4.5088949e-07
0.038018711,6.6715797e-07,0.032129189,4.7164939e-07
0.039046011,6.8563136e-07,0.033156488,4.8722864e-07
0.040586959,7.1345301e-07,0.034697437,5.1062985e-07
0.041742671,7.344303e-07,0.035853148,5.2821848e-07
0.043476238,7.6609173e-07,0.037586716,5.5468813e-07
0.044776414,7.9001931e-07,0.038886891,5.7462966e-07
0.046726677,8.2624842e-07,0.039862023,5.8964396e-07
0.048189374,8.5371833e-07,0.04132472,6.1227821e-07
0.049286397,8.7450658e-07,0.042421743,6.2936318e-07
0.050931932,9.0601322e-07,0.044067278,6.5517372e-07
0.052166083,9.2991405e-07,0.045301429,6.7469861e-07
0.054017309,9.6624088e-07,0.047152655,7.0428911e-07
0.055405729,9.93883e-07,0.048541075,7.267453e-07
0.057488359,1.0360304e-06,0.04958239,7.4374922e-07
0.059050331,1.0682109e-06,0.051144362,7.6953582e-07
0.06139329,1.1174579e-06,0.052315841,7.8910672e-07
0.063150508,1.1552018e-06,0.05407306,8.188687e-07
0.064468423,1.1839869e-06,0.055390974,8.4152573e-07
0.066445294,1.2279597e-06,0.057367845,8.760867e-07
0.067927947,1.2615887e-06,0.058850499,9.0248473e-07
0.070151927,1.3131145e-06,0.059962489,9.2256552e-07
0.071819912,1.3526404e-06,0.061630474,9.5315745e-07
0.07432189,1.4133996e-06,0.062881463,9.7648671e-07
0.076198373,1.4601651e-06,0.064757946,1.0121238e-06
0.079013098,1.5323093e-06,0.066165308,1.0393755e-06
0.081124141,1.58804e-06,0.068276352,1.0811295e-06
0.082707424,1.6307794e-06,0.069859635,1.113159e-06
0.085082348,1.6964392e-06,0.072234559,1.1623952e-06
0.088644734,1.7985315e-06,0.074015752,1.2002926e-06
0.091316524,1.8780302e-06,0.075351647,1.2292795e-06
0.093320366,1.9393537e-06,0.077355489,1.2736888e-06
0.096326129,2.0341344e-06,0.07885837,1.3077475e-06
0.098580452,2.1074735e-06,0.081112693,1.3600754e-06
0.10196194,2.2212019e-06,0.082803435,1.4003252e-06
0.10449805,2.3094948e-06,0.085339547,1.4623588e-06
0.10830222,2.4468494e-06,0.087241632,1.5102281e-06
0.11115534,2.5538177e-06,0.090094759,1.5842552e-06
0.11543503,2.7207731e-06,0.092234604,1.6415744e-06
0.1186448,2.8512213e-06,0.093839488,1.6856008e-06
0.12345945,3.0555117e-06,0.096246813,1.7533542e-06
0.12707044,3.2156742e-06,0.098052308,1.805539e-06
0.12977868,3.3397903e-06,0.10076055,1.8860621e-06
0.13384105,3.5325194e-06,0.10482291,2.0120323e-06
0.13688782,3.682334e-06,0.10786968,2.1107017e-06
0.14145797,3.9157296e-06,0.11015476,2.1871219e-06
0.14831321,4.2859499e-06,0.11358238,2.3057172e-06
0.15345464,4.5800329e-06,0.11615309,2.3978515e-06
0.16116678,5.0486537e-06,0.12000916,2.5412893e-06
0.17273499,5.8166049e-06,0.12290122,2.6530816e-06
0.18141115,6.4467362e-06,0.1272393,2.8277086e-06
0.19442539,7.4846894e-06,0.13049286,2.9642771e-06
0.21394674,9.264831e-06,0.13293302,3.0699227e-06
0.24322878,1.2488246e-05,0.13659328,3.2336783e-06
0.28715183,1.8774329e-05,0.13933847,3.3607444e-06
0.35303641,3.2535196e-05,0.14345626,3.558342e-06
0.45186327,6.7917912e-05,0.14963294,3.8709712e-06
0.60010357,0.00017784536,0.15426544,4.1186748e-06
-,-,0.16121421,4.5123614e-06
-,-,0.17163735,5.1551244e-06
-,-,0.18727207,6.2453435e-06
-,-,0.21072415,8.1921452e-06
-,-,0.24590227,1.1902595e-05
-,-,0.29866945,1.9613322e-05
-,-,0.37782021,3.7936618e-05
-,-,0.49654636,9.0288672e-05
-,-,0.67463558,0.0002614135

